QR Number,Timestamp
23,7/8/2026 9:01 AM
8,7/8/2026 9:01 AM
139,7/8/2026 7:07 AM
168,7/8/2026 9:03 AM
35,7/8/2026 9:03 AM
119,7/8/2026 9:04 AM
120,7/8/2026 9:05 AM
107,7/8/2026 7:28 AM
83,7/8/2026 9:07 AM
176,7/8/2026 9:07 AM
185,7/8/2026 9:07 AM
181,7/8/2026 9:08 AM
68,7/8/2026 9:08 AM
264,7/8/2026 9:08 AM
235,7/8/2026 9:09 AM
6,7/8/2026 9:09 AM
175,7/8/2026 9:11 AM
147,7/8/2026 9:11 AM
142,7/8/2026 7:43 AM
72,7/8/2026 9:13 AM
3,7/8/2026 9:13 AM
13,7/8/2026 9:14 AM
106,7/8/2026 9:15 AM
25,7/8/2026 9:15 AM
233,7/8/2026 9:15 AM
157,7/8/2026 9:16 AM
110,7/8/2026 9:17 AM
10,7/8/2026 9:17 AM
66,7/8/2026 9:18 AM
47,7/8/2026 9:19 AM
257,7/8/2026 9:20 AM
149,7/8/2026 9:21 AM
162,7/8/2026 9:21 AM
104,7/8/2026 9:21 AM
202,7/8/2026 9:23 AM
102,7/8/2026 9:24 AM
197,7/8/2026 9:24 AM
252,7/8/2026 9:25 AM
105,7/8/2026 9:27 AM
280,7/8/2026 9:27 AM
155,7/8/2026 9:27 AM
261,7/8/2026 9:28 AM
295,7/8/2026 9:28 AM
177,7/8/2026 9:28 AM
180,7/8/2026 9:29 AM
229,7/8/2026 9:29 AM
62,7/8/2026 9:31 AM
19,7/8/2026 9:31 AM
241,7/8/2026 9:32 AM
259,7/8/2026 9:32 AM
43,7/8/2026 9:34 AM
219,7/8/2026 9:34 AM
150,7/8/2026 9:34 AM
82,7/8/2026 9:36 AM
172,7/8/2026 9:36 AM
77,7/8/2026 9:37 AM
27,7/8/2026 9:37 AM
200,7/8/2026 9:39 AM
211,7/8/2026 9:39 AM
237,7/8/2026 9:39 AM
56,7/8/2026 9:40 AM
29,7/8/2026 9:40 AM
299,7/8/2026 9:42 AM
133,7/8/2026 9:42 AM
248,7/8/2026 9:43 AM
28,7/8/2026 9:43 AM
71,7/8/2026 9:43 AM
239,7/8/2026 9:44 AM
225,7/8/2026 9:44 AM
41,7/8/2026 9:44 AM
30,7/8/2026 9:45 AM
4,7/8/2026 9:45 AM
213,7/8/2026 9:45 AM
250,7/8/2026 9:46 AM
244,7/8/2026 9:47 AM
101,7/8/2026 9:48 AM
198,7/8/2026 9:48 AM
73,7/8/2026 9:49 AM
44,7/8/2026 9:50 AM
135,7/8/2026 9:50 AM
254,7/8/2026 9:51 AM
277,7/8/2026 9:51 AM
293,7/8/2026 9:52:21
118,7/8/2026 9:53:22
109,7/8/2026 9:53:39
89,7/8/2026 9:53:57
70,7/8/2026 9:54:41
36,7/8/2026 9:55:00
231,7/8/2026 9:55:20
300,7/8/2026 9:55:37
220,7/8/2026 9:55:57
98,7/8/2026 9:56:19
269,7/8/2026 9:56:50
144,7/8/2026 9:57:08
179,7/8/2026 9:57:28
171,7/8/2026 9:57:51
45,7/8/2026 9:58:31
161,7/8/2026 9:59:00
2,7/8/2026 9:59:36
201,7/8/2026 10:00:01
204,7/8/2026 10:00:28
165,7/8/2026 10:01:11
54,7/8/2026 10:01:47
39,7/8/2026 10:02:10
22,7/8/2026 6:06:59
262,7/8/2026 6:10:34
208,7/8/2026 6:15:41
178,7/8/2026 6:26:59
288,7/8/2026 6:28:37
123,7/8/2026 6:43:36
173,7/8/2026 6:44:42
290,7/8/2026 6:49:00
18,7/8/2026 6:50:57
166,7/8/2026 6:54:48
246,7/8/2026 6:55:38
64,7/8/2026 6:59:26
128,7/8/2026 7:50:40
103,7/8/2026 7:51:01
90,7/8/2026 6:36:01
174,7/8/2026 6:38:24
24,7/8/2026 6:38:28
223,7/8/2026 6:38:45
285,7/8/2026 6:39:01
87,7/8/2026 7:02:37
53,7/8/2026 7:06:36
139,7/8/2026 7:06:59
273,7/8/2026 7:18:34
199,7/8/2026 7:21:31
85,7/8/2026 7:23:43
46,7/8/2026 7:26:00
107,7/8/2026 7:27:57
212,7/8/2026 7:32:00
263,7/8/2026 7:32:26
96,7/8/2026 7:34:18
253,7/8/2026 7:35:25
243,7/8/2026 7:36:02
195,7/8/2026 7:37:05
145,7/8/2026 7:38:42
37,7/8/2026 7:39:04
268,7/8/2026 7:39:26
159,7/8/2026 7:42:27
148,7/8/2026 7:46:36
265,7/8/2026 7:47:04
183,7/8/2026 7:47:36
230,7/8/2026 7:48:19
125,7/8/2026 7:50:02
9,7/8/2026 7:50:24
57,7/8/2026 7:50:53
158,7/8/2026 7:51:14
15,7/8/2026 7:51:48
113,7/8/2026 7:52:06
49,7/8/2026 7:52:21
170,7/8/2026 7:52:37
281,7/8/2026 7:52:54
76,7/8/2026 7:54:16
194,7/8/2026 7:54:39
126,7/8/2026 7:54:55
140,7/8/2026 7:55:12
100,7/8/2026 7:57:31
115,7/8/2026 7:59:24
228,7/8/2026 7:59:41
196,7/8/2026 7:59:59
292,7/8/2026 8:00:13
164,7/8/2026 8:00:33
221,7/8/2026 8:00:50
79,7/8/2026 8:01:18
291,7/8/2026 8:01:35
249,7/8/2026 8:01:59
117,7/8/2026 8:05:25
190,7/8/2026 8:05:40
152,7/8/2026 8:06:32
31,7/8/2026 8:08:32
93,7/8/2026 8:09:37
236,7/8/2026 8:13:08
167,7/8/2026 8:13:49
16,7/8/2026 8:14:47
127,7/8/2026 8:16:07
114,7/8/2026 8:16:28
124,7/8/2026 8:16:45
140,7/8/2026 8:17:04
217,7/8/2026 8:17:19
294,7/8/2026 8:17:56
1,7/8/2026 8:19:24
153,7/8/2026 8:19:42
283,7/8/2026 8:19:57
188,7/8/2026 8:20:13
143,7/8/2026 8:20:36
296,7/8/2026 8:20:54
95,7/8/2026 8:21:34
154,7/8/2026 8:21:50
131,7/8/2026 8:23:12
60,7/8/2026 8:25:29
61,7/8/2026 8:28:10
187,7/8/2026 8:28:36
156,7/8/2026 8:28:59
121,7/8/2026 8:30:20
214,7/8/2026 8:32:06
255,7/8/2026 8:32:53
208,7/8/2026 8:34:25
262,7/8/2026 8:34:46
223,7/8/2026 8:35:05
226,7/8/2026 8:35:33
141,7/8/2026 8:37:37
242,7/8/2026 8:39:33
84,7/8/2026 8:40:03
129,7/8/2026 8:40:19
258,7/8/2026 8:40:33
271,7/8/2026 8:40:47
42,7/8/2026 8:41:56
34,7/8/2026 8:42:07
224,7/8/2026 8:42:23
289,7/8/2026 8:42:59
69,7/8/2026 8:43:17
7,7/8/2026 8:43:34
14,7/8/2026 8:43:49
207,7/8/2026 8:44:12
17,7/8/2026 8:45:52
32,7/8/2026 8:47:30
184,7/8/2026 8:48:48
20,7/8/2026 8:49:10
278,7/8/2026 8:50:10
215,7/8/2026 8:50:35
251,7/8/2026 8:51:00
209,7/8/2026 8:52:34
160,7/8/2026 8:53:26
222,7/8/2026 8:53:47
186,7/8/2026 8:54:03
267,7/8/2026 8:54:48
256,7/8/2026 8:55:41
205,7/8/2026 8:56:52
266,7/8/2026 8:57:11
75,7/8/2026 8:58:18
284,7/8/2026 8:59:05
272,7/8/2026 8:59:20
191,7/8/2026 9:57:59
55,7/8/2026 9:58:15
240,7/8/2026 9:58:51
192,7/8/2026 9:59:30
216,7/8/2026 9:59:45
86,7/8/2026 10:00:34
270,7/8/2026 10:00:49
218,7/8/2026 10:01:35
12,7/8/2026 10:02:01
