time,total,sunny,rain,on_off_rain,cloudy,thunderstorm,monday,tuesday,wednesday,thursday,friday,saturday,sunday
06:00:00,5,2,0,2,1,0,0,0,3,0,1,1,0
06:01:00,5,2,0,2,1,0,0,0,3,0,1,1,0
06:02:00,5,2,0,2,1,0,0,0,3,0,1,1,0
06:03:00,5,2,0,2,1,0,0,0,3,0,1,1,0
06:04:00,5,2,0,2,1,0,0,0,3,0,1,1,0
06:05:00,5,2,0,2,1,0,0,0,3,0,1,1,0
06:06:00,5,2,0,2,1,0,0,0,3,0,1,1,0
06:07:00,5,2,0,2,1,0,0,0,3,0,1,1,0
06:08:00,5,2,0,2,1,0,0,0,3,0,1,1,0
06:09:00,5,2,0,2,1,0,0,0,3,0,1,1,0
06:10:00,5,2,0,2,1,0,0,0,3,0,1,1,0
06:11:00,5,2,0,2,1,0,0,0,3,0,1,1,0
06:12:00,5,2,0,2,1,0,0,0,3,0,1,1,0
06:13:00,5,2,0,2,1,0,0,0,3,0,1,1,0
06:14:00,5,2,0,2,1,0,0,0,3,0,1,1,0
06:15:00,5,2,0,2,1,0,0,0,3,0,1,1,0
06:16:00,5,2,0,2,1,0,0,0,3,0,1,1,0
06:17:00,5,2,0,2,1,0,0,0,3,0,1,1,0
06:18:00,5,2,0,2,1,0,0,0,3,0,1,1,0
06:19:00,5,2,0,2,1,0,0,0,3,0,1,1,0
06:20:00,5,2,0,2,1,0,0,0,3,0,1,1,0
06:21:00,5,2,0,2,1,0,0,0,3,0,1,1,0
06:22:00,5,2,0,2,1,0,0,0,3,0,1,1,0
06:23:00,5,2,0,2,1,0,0,0,3,0,1,1,0
06:24:00,5,2,0,2,1,0,0,0,3,0,1,1,0
06:25:00,5,2,0,2,1,0,0,0,3,0,1,1,0
06:26:00,5,2,0,2,1,0,0,0,3,0,1,1,0
06:27:00,5,2,0,2,1,0,0,0,3,0,1,1,0
06:28:00,5,2,0,2,1,0,0,0,3,0,1,1,0
06:29:00,5,2,0,2,1,0,0,0,3,0,1,1,0
06:30:00,5,2,0,2,1,0,0,0,3,0,1,1,0
06:31:00,5,2,0,2,1,0,0,0,3,0,1,1,0
06:32:00,5,2,0,2,1,0,0,0,3,0,1,1,0
06:33:00,5,2,0,2,1,0,0,0,3,0,1,1,0
06:34:00,5,2,0,2,1,0,0,0,3,0,1,1,0
06:35:00,5,2,0,2,1,0,0,0,3,0,1,1,0
06:36:00,5,2,0,2,1,0,0,0,3,0,1,1,0
06:37:00,5,2,0,2,1,0,0,0,3,0,1,1,0
06:38:00,5,2,0,2,1,0,0,0,3,0,1,1,0
06:39:00,5,2,0,2,1,0,0,0,3,0,1,1,0
06:40:00,5,2,0,2,1,0,0,0,3,0,1,1,0
06:41:00,5,2,0,2,1,0,0,0,3,0,1,1,0
06:42:00,5,2,0,2,1,0,0,0,3,0,1,1,0
06:43:00,5,2,0,2,1,0,0,0,3,0,1,1,0
06:44:00,5,2,0,2,1,0,0,0,3,0,1,1,0
06:45:00,5,2,0,2,1,0,0,0,3,0,1,1,0
06:46:00,5,2,0,2,1,0,0,0,3,0,1,1,0
06:47:00,5,2,0,2,1,0,0,0,3,0,1,1,0
06:48:00,5,2,0,2,1,0,0,0,3,0,1,1,0
06:49:00,5,2,0,2,1,0,0,0,3,0,1,1,0
06:50:00,5,2,0,2,1,0,0,0,3,0,1,1,0
06:51:00,5,2,0,2,1,0,0,0,3,0,1,1,0
06:52:00,5,2,0,2,1,0,0,0,3,0,1,1,0
06:53:00,5,2,0,2,1,0,0,0,3,0,1,1,0
06:54:00,5,2,0,2,1,0,0,0,3,0,1,1,0
06:55:00,5,2,0,2,1,0,0,0,3,0,1,1,0
06:56:00,5,2,0,2,1,0,0,0,3,0,1,1,0
06:57:00,5,2,0,2,1,0,0,0,3,0,1,1,0
06:58:00,5,2,0,2,1,0,0,0,3,0,1,1,0
06:59:00,5,2,0,2,1,0,0,0,3,0,1,1,0
07:00:00,5,2,0,2,1,0,0,0,3,0,1,1,0
07:01:00,5,2,0,2,1,0,0,0,3,0,1,1,0
07:02:00,5,2,0,2,1,0,0,0,3,0,1,1,0
07:03:00,5,2,0,2,1,0,0,0,3,0,1,1,0
07:04:00,5,2,0,2,1,0,0,0,3,0,1,1,0
07:05:00,5,2,0,2,1,0,0,0,3,0,1,1,0
07:06:00,5,2,0,2,1,0,0,0,3,0,1,1,0
07:07:00,5,2,0,2,1,0,0,0,3,0,1,1,0
07:08:00,5,2,0,2,1,0,0,0,3,0,1,1,0
07:09:00,5,2,0,2,1,0,0,0,3,0,1,1,0
07:10:00,5,2,0,2,1,0,0,0,3,0,1,1,0
07:11:00,5,2,0,2,1,0,0,0,3,0,1,1,0
07:12:00,5,2,0,2,1,0,0,0,3,0,1,1,0
07:13:00,5,2,0,2,1,0,0,0,3,0,1,1,0
07:14:00,5,2,0,2,1,0,0,0,3,0,1,1,0
07:15:00,5,2,0,2,1,0,0,0,3,0,1,1,0
07:16:00,5,2,0,2,1,0,0,0,3,0,1,1,0
07:17:00,5,2,0,2,1,0,0,0,3,0,1,1,0
07:18:00,5,2,0,2,1,0,0,0,3,0,1,1,0
07:19:00,5,2,0,2,1,0,0,0,3,0,1,1,0
07:20:00,5,2,0,2,1,0,0,0,3,0,1,1,0
07:21:00,5,2,0,2,1,0,0,0,3,0,1,1,0
07:22:00,5,2,0,2,1,0,0,0,3,0,1,1,0
07:23:00,5,2,0,2,1,0,0,0,3,0,1,1,0
07:24:00,5,2,0,2,1,0,0,0,3,0,1,1,0
07:25:00,5,2,0,2,1,0,0,0,3,0,1,1,0
07:26:00,5,2,0,2,1,0,0,0,3,0,1,1,0
07:27:00,5,2,0,2,1,0,0,0,3,0,1,1,0
07:28:00,5,2,0,2,1,0,0,0,3,0,1,1,0
07:29:00,5,2,0,2,1,0,0,0,3,0,1,1,0
07:30:00,5,2,0,2,1,0,0,0,3,0,1,1,0
07:31:00,5,2,0,2,1,0,0,0,3,0,1,1,0
07:32:00,5,2,0,2,1,0,0,0,3,0,1,1,0
07:33:00,5,2,0,2,1,0,0,0,3,0,1,1,0
07:34:00,5,2,0,2,1,0,0,0,3,0,1,1,0
07:35:00,5,2,0,2,1,0,0,0,3,0,1,1,0
07:36:00,5,2,0,2,1,0,0,0,3,0,1,1,0
07:37:00,5,2,0,2,1,0,0,0,3,0,1,1,0
07:38:00,5,2,0,2,1,0,0,0,3,0,1,1,0
07:39:00,5,2,0,2,1,0,0,0,3,0,1,1,0
07:40:00,5,2,0,2,1,0,0,0,3,0,1,1,0
07:41:00,5,2,0,2,1,0,0,0,3,0,1,1,0
07:42:00,5,2,0,2,1,0,0,0,3,0,1,1,0
07:43:00,5,2,0,2,1,0,0,0,3,0,1,1,0
07:44:00,5,2,0,2,1,0,0,0,3,0,1,1,0
07:45:00,5,2,0,2,1,0,0,0,3,0,1,1,0
07:46:00,5,2,0,2,1,0,0,0,3,0,1,1,0
07:47:00,5,2,0,2,1,0,0,0,3,0,1,1,0
07:48:00,5,2,0,2,1,0,0,0,3,0,1,1,0
07:49:00,5,2,0,2,1,0,0,0,3,0,1,1,0
07:50:00,5,2,0,2,1,0,0,0,3,0,1,1,0
07:51:00,5,2,0,2,1,0,0,0,3,0,1,1,0
07:52:00,5,2,0,2,1,0,0,0,3,0,1,1,0
07:53:00,5,2,0,2,1,0,0,0,3,0,1,1,0
07:54:00,5,2,0,2,1,0,0,0,3,0,1,1,0
07:55:00,5,2,0,2,1,0,0,0,3,0,1,1,0
07:56:00,5,2,0,2,1,0,0,0,3,0,1,1,0
07:57:00,5,2,0,2,1,0,0,0,3,0,1,1,0
07:58:00,5,2,0,2,1,0,0,0,3,0,1,1,0
07:59:00,5,2,0,2,1,0,0,0,3,0,1,1,0
08:00:00,7,3,0,2,2,0,0,0,3,0,1,2,1
08:01:00,7,3,0,2,2,0,0,0,3,0,1,2,1
08:02:00,7,3,0,2,2,0,0,0,3,0,1,2,1
08:03:00,7,3,0,2,2,0,0,0,3,0,1,2,1
08:04:00,7,3,0,2,2,0,0,0,3,0,1,2,1
08:05:00,7,3,0,2,2,0,0,0,3,0,1,2,1
08:06:00,7,3,0,2,2,0,0,0,3,0,1,2,1
08:07:00,7,3,0,2,2,0,0,0,3,0,1,2,1
08:08:00,7,3,0,2,2,0,0,0,3,0,1,2,1
08:09:00,7,3,0,2,2,0,0,0,3,0,1,2,1
08:10:00,7,3,0,2,2,0,0,0,3,0,1,2,1
08:11:00,7,3,0,2,2,0,0,0,3,0,1,2,1
08:12:00,7,3,0,2,2,0,0,0,3,0,1,2,1
08:13:00,7,3,0,2,2,0,0,0,3,0,1,2,1
08:14:00,7,3,0,2,2,0,0,0,3,0,1,2,1
08:15:00,7,3,0,2,2,0,0,0,3,0,1,2,1
08:16:00,7,3,0,2,2,0,0,0,3,0,1,2,1
08:17:00,7,3,0,2,2,0,0,0,3,0,1,2,1
08:18:00,7,3,0,2,2,0,0,0,3,0,1,2,1
08:19:00,7,3,0,2,2,0,0,0,3,0,1,2,1
08:20:00,7,3,0,2,2,0,0,0,3,0,1,2,1
08:21:00,7,3,0,2,2,0,0,0,3,0,1,2,1
08:22:00,7,3,0,2,2,0,0,0,3,0,1,2,1
08:23:00,7,3,0,2,2,0,0,0,3,0,1,2,1
08:24:00,7,3,0,2,2,0,0,0,3,0,1,2,1
08:25:00,7,3,0,2,2,0,0,0,3,0,1,2,1
08:26:00,7,3,0,2,2,0,0,0,3,0,1,2,1
08:27:00,7,3,0,2,2,0,0,0,3,0,1,2,1
08:28:00,7,3,0,2,2,0,0,0,3,0,1,2,1
08:29:00,7,3,0,2,2,0,0,0,3,0,1,2,1
08:30:00,9,5,0,2,2,0,0,0,3,2,1,2,1
08:31:00,9,5,0,2,2,0,0,0,3,2,1,2,1
08:32:00,9,5,0,2,2,0,0,0,3,2,1,2,1
08:33:00,9,5,0,2,2,0,0,0,3,2,1,2,1
08:34:00,9,5,0,2,2,0,0,0,3,2,1,2,1
08:35:00,9,5,0,2,2,0,0,0,3,2,1,2,1
08:36:00,9,5,0,2,2,0,0,0,3,2,1,2,1
08:37:00,9,5,0,2,2,0,0,0,3,2,1,2,1
08:38:00,9,5,0,2,2,0,0,0,3,2,1,2,1
08:39:00,9,5,0,2,2,0,0,0,3,2,1,2,1
08:40:00,9,5,0,2,2,0,0,0,3,2,1,2,1
08:41:00,9,5,0,2,2,0,0,0,3,2,1,2,1
08:42:00,9,5,0,2,2,0,0,0,3,2,1,2,1
08:43:00,9,5,0,2,2,0,0,0,3,2,1,2,1
08:44:00,9,5,0,2,2,0,0,0,3,2,1,2,1
08:45:00,9,5,0,2,2,0,0,0,3,2,1,2,1
08:46:00,9,5,0,2,2,0,0,0,3,2,1,2,1
08:47:00,9,5,0,2,2,0,0,0,3,2,1,2,1
08:48:00,9,5,0,2,2,0,0,0,3,2,1,2,1
08:49:00,9,5,0,2,2,0,0,0,3,2,1,2,1
08:50:00,9,5,0,2,2,0,0,0,3,2,1,2,1
08:51:00,9,5,0,2,2,0,0,0,3,2,1,2,1
08:52:00,9,5,0,2,2,0,0,0,3,2,1,2,1
08:53:00,9,5,0,2,2,0,0,0,3,2,1,2,1
08:54:00,9,5,0,2,2,0,0,0,3,2,1,2,1
08:55:00,9,5,0,2,2,0,0,0,3,2,1,2,1
08:56:00,9,5,0,2,2,0,0,0,3,2,1,2,1
08:57:00,9,5,0,2,2,0,0,0,3,2,1,2,1
08:58:00,9,5,0,2,2,0,0,0,3,2,1,2,1
08:59:00,9,5,0,2,2,0,0,0,3,2,1,2,1
09:00:00,10,5,0,2,3,0,0,1,3,2,1,2,1
09:01:00,10,5,0,2,3,0,0,1,3,2,1,2,1
09:02:00,10,5,0,2,3,0,0,1,3,2,1,2,1
09:03:00,10,5,0,2,3,0,0,1,3,2,1,2,1
09:04:00,10,5,0,2,3,0,0,1,3,2,1,2,1
09:05:00,10,5,0,2,3,0,0,1,3,2,1,2,1
09:06:00,10,5,0,2,3,0,0,1,3,2,1,2,1
09:07:00,10,5,0,2,3,0,0,1,3,2,1,2,1
09:08:00,10,5,0,2,3,0,0,1,3,2,1,2,1
09:09:00,10,5,0,2,3,0,0,1,3,2,1,2,1
09:10:00,10,5,0,2,3,0,0,1,3,2,1,2,1
09:11:00,10,5,0,2,3,0,0,1,3,2,1,2,1
09:12:00,10,5,0,2,3,0,0,1,3,2,1,2,1
09:13:00,10,5,0,2,3,0,0,1,3,2,1,2,1
09:14:00,10,5,0,2,3,0,0,1,3,2,1,2,1
09:15:00,10,5,0,2,3,0,0,1,3,2,1,2,1
09:16:00,10,5,0,2,3,0,0,1,3,2,1,2,1
09:17:00,10,5,0,2,3,0,0,1,3,2,1,2,1
09:18:00,10,5,0,2,3,0,0,1,3,2,1,2,1
09:19:00,10,5,0,2,3,0,0,1,3,2,1,2,1
09:20:00,10,5,0,2,3,0,0,1,3,2,1,2,1
09:21:00,10,5,0,2,3,0,0,1,3,2,1,2,1
09:22:00,10,5,0,2,3,0,0,1,3,2,1,2,1
09:23:00,10,5,0,2,3,0,0,1,3,2,1,2,1
09:24:00,10,5,0,2,3,0,0,1,3,2,1,2,1
09:25:00,10,5,0,2,3,0,0,1,3,2,1,2,1
09:26:00,10,5,0,2,3,0,0,1,3,2,1,2,1
09:27:00,10,5,0,2,3,0,0,1,3,2,1,2,1
09:28:00,10,5,0,2,3,0,0,1,3,2,1,2,1
09:29:00,10,5,0,2,3,0,0,1,3,2,1,2,1
09:30:00,10,5,0,2,3,0,0,1,3,2,1,2,1
09:31:00,10,5,0,2,3,0,0,1,3,2,1,2,1
09:32:00,10,5,0,2,3,0,0,1,3,2,1,2,1
09:33:00,10,5,0,2,3,0,0,1,3,2,1,2,1
09:34:00,10,5,0,2,3,0,0,1,3,2,1,2,1
09:35:00,10,5,0,2,3,0,0,1,3,2,1,2,1
09:36:00,10,5,0,2,3,0,0,1,3,2,1,2,1
09:37:00,10,5,0,2,3,0,0,1,3,2,1,2,1
09:38:00,10,5,0,2,3,0,0,1,3,2,1,2,1
09:39:00,10,5,0,2,3,0,0,1,3,2,1,2,1
09:40:00,10,5,0,2,3,0,0,1,3,2,1,2,1
09:41:00,10,5,0,2,3,0,0,1,3,2,1,2,1
09:42:00,10,5,0,2,3,0,0,1,3,2,1,2,1
09:43:00,10,5,0,2,3,0,0,1,3,2,1,2,1
09:44:00,10,5,0,2,3,0,0,1,3,2,1,2,1
09:45:00,10,5,0,2,3,0,0,1,3,2,1,2,1
09:46:00,10,5,0,2,3,0,0,1,3,2,1,2,1
09:47:00,10,5,0,2,3,0,0,1,3,2,1,2,1
09:48:00,10,5,0,2,3,0,0,1,3,2,1,2,1
09:49:00,10,5,0,2,3,0,0,1,3,2,1,2,1
09:50:00,10,5,0,2,3,0,0,1,3,2,1,2,1
09:51:00,10,5,0,2,3,0,0,1,3,2,1,2,1
09:52:00,10,5,0,2,3,0,0,1,3,2,1,2,1
09:53:00,10,5,0,2,3,0,0,1,3,2,1,2,1
09:54:00,10,5,0,2,3,0,0,1,3,2,1,2,1
09:55:00,10,5,0,2,3,0,0,1,3,2,1,2,1
09:56:00,10,5,0,2,3,0,0,1,3,2,1,2,1
09:57:00,10,5,0,2,3,0,0,1,3,2,1,2,1
09:58:00,10,5,0,2,3,0,0,1,3,2,1,2,1
09:59:00,10,5,0,2,3,0,0,1,3,2,1,2,1
10:00:00,10,5,0,2,3,0,0,1,3,2,1,2,1
10:01:00,10,5,0,2,3,0,0,1,3,2,1,2,1
10:02:00,10,5,0,2,3,0,0,1,3,2,1,2,1
10:03:00,10,5,0,2,3,0,0,1,3,2,1,2,1
10:04:00,10,5,0,2,3,0,0,1,3,2,1,2,1
10:05:00,10,5,0,2,3,0,0,1,3,2,1,2,1
10:06:00,10,5,0,2,3,0,0,1,3,2,1,2,1
10:07:00,10,5,0,2,3,0,0,1,3,2,1,2,1
10:08:00,10,5,0,2,3,0,0,1,3,2,1,2,1
10:09:00,10,5,0,2,3,0,0,1,3,2,1,2,1
10:10:00,10,5,0,2,3,0,0,1,3,2,1,2,1
10:11:00,10,5,0,2,3,0,0,1,3,2,1,2,1
10:12:00,10,5,0,2,3,0,0,1,3,2,1,2,1
10:13:00,10,5,0,2,3,0,0,1,3,2,1,2,1
10:14:00,10,5,0,2,3,0,0,1,3,2,1,2,1
10:15:00,10,5,0,2,3,0,0,1,3,2,1,2,1
10:16:00,10,5,0,2,3,0,0,1,3,2,1,2,1
10:17:00,10,5,0,2,3,0,0,1,3,2,1,2,1
10:18:00,10,5,0,2,3,0,0,1,3,2,1,2,1
10:19:00,10,5,0,2,3,0,0,1,3,2,1,2,1
10:20:00,10,5,0,2,3,0,0,1,3,2,1,2,1
10:21:00,10,5,0,2,3,0,0,1,3,2,1,2,1
10:22:00,10,5,0,2,3,0,0,1,3,2,1,2,1
10:23:00,10,5,0,2,3,0,0,1,3,2,1,2,1
10:24:00,10,5,0,2,3,0,0,1,3,2,1,2,1
10:25:00,10,5,0,2,3,0,0,1,3,2,1,2,1
10:26:00,10,5,0,2,3,0,0,1,3,2,1,2,1
10:27:00,10,5,0,2,3,0,0,1,3,2,1,2,1
10:28:00,10,5,0,2,3,0,0,1,3,2,1,2,1
10:29:00,10,5,0,2,3,0,0,1,3,2,1,2,1
10:30:00,10,5,0,2,3,0,0,1,3,2,1,2,1
10:31:00,10,5,0,2,3,0,0,1,3,2,1,2,1
10:32:00,10,5,0,2,3,0,0,1,3,2,1,2,1
10:33:00,10,5,0,2,3,0,0,1,3,2,1,2,1
10:34:00,10,5,0,2,3,0,0,1,3,2,1,2,1
10:35:00,10,5,0,2,3,0,0,1,3,2,1,2,1
10:36:00,10,5,0,2,3,0,0,1,3,2,1,2,1
10:37:00,10,5,0,2,3,0,0,1,3,2,1,2,1
10:38:00,10,5,0,2,3,0,0,1,3,2,1,2,1
10:39:00,10,5,0,2,3,0,0,1,3,2,1,2,1
10:40:00,10,5,0,2,3,0,0,1,3,2,1,2,1
10:41:00,10,5,0,2,3,0,0,1,3,2,1,2,1
10:42:00,10,5,0,2,3,0,0,1,3,2,1,2,1
10:43:00,10,5,0,2,3,0,0,1,3,2,1,2,1
10:44:00,10,5,0,2,3,0,0,1,3,2,1,2,1
10:45:00,10,5,0,2,3,0,0,1,3,2,1,2,1
10:46:00,10,5,0,2,3,0,0,1,3,2,1,2,1
10:47:00,10,5,0,2,3,0,0,1,3,2,1,2,1
10:48:00,10,5,0,2,3,0,0,1,3,2,1,2,1
10:49:00,10,5,0,2,3,0,0,1,3,2,1,2,1
10:50:00,10,5,0,2,3,0,0,1,3,2,1,2,1
10:51:00,10,5,0,2,3,0,0,1,3,2,1,2,1
10:52:00,10,5,0,2,3,0,0,1,3,2,1,2,1
10:53:00,10,5,0,2,3,0,0,1,3,2,1,2,1
10:54:00,10,5,0,2,3,0,0,1,3,2,1,2,1
10:55:00,10,5,0,2,3,0,0,1,3,2,1,2,1
10:56:00,10,5,0,2,3,0,0,1,3,2,1,2,1
10:57:00,10,5,0,2,3,0,0,1,3,2,1,2,1
10:58:00,10,5,0,2,3,0,0,1,3,2,1,2,1
10:59:00,10,5,0,2,3,0,0,1,3,2,1,2,1
11:00:00,10,5,0,2,3,0,0,1,3,2,1,2,1
11:01:00,9,5,0,2,2,0,0,1,2,2,1,2,1
11:02:00,9,5,0,2,2,0,0,1,2,2,1,2,1
11:03:00,9,5,0,2,2,0,0,1,2,2,1,2,1
11:04:00,9,5,0,2,2,0,0,1,2,2,1,2,1
11:05:00,9,5,0,2,2,0,0,1,2,2,1,2,1
11:06:00,9,5,0,2,2,0,0,1,2,2,1,2,1
11:07:00,9,5,0,2,2,0,0,1,2,2,1,2,1
11:08:00,9,5,0,2,2,0,0,1,2,2,1,2,1
11:09:00,9,5,0,2,2,0,0,1,2,2,1,2,1
11:10:00,9,5,0,2,2,0,0,1,2,2,1,2,1
11:11:00,9,5,0,2,2,0,0,1,2,2,1,2,1
11:12:00,9,5,0,2,2,0,0,1,2,2,1,2,1
11:13:00,9,5,0,2,2,0,0,1,2,2,1,2,1
11:14:00,9,5,0,2,2,0,0,1,2,2,1,2,1
11:15:00,9,5,0,2,2,0,0,1,2,2,1,2,1
11:16:00,9,5,0,2,2,0,0,1,2,2,1,2,1
11:17:00,9,5,0,2,2,0,0,1,2,2,1,2,1
11:18:00,9,5,0,2,2,0,0,1,2,2,1,2,1
11:19:00,9,5,0,2,2,0,0,1,2,2,1,2,1
11:20:00,9,5,0,2,2,0,0,1,2,2,1,2,1
11:21:00,9,5,0,2,2,0,0,1,2,2,1,2,1
11:22:00,9,5,0,2,2,0,0,1,2,2,1,2,1
11:23:00,9,5,0,2,2,0,0,1,2,2,1,2,1
11:24:00,9,5,0,2,2,0,0,1,2,2,1,2,1
11:25:00,9,5,0,2,2,0,0,1,2,2,1,2,1
11:26:00,9,5,0,2,2,0,0,1,2,2,1,2,1
11:27:00,9,5,0,2,2,0,0,1,2,2,1,2,1
11:28:00,9,5,0,2,2,0,0,1,2,2,1,2,1
11:29:00,9,5,0,2,2,0,0,1,2,2,1,2,1
11:30:00,10,6,0,2,2,0,1,1,2,2,1,2,1
11:31:00,10,6,0,2,2,0,1,1,2,2,1,2,1
11:32:00,10,6,0,2,2,0,1,1,2,2,1,2,1
11:33:00,10,6,0,2,2,0,1,1,2,2,1,2,1
11:34:00,10,6,0,2,2,0,1,1,2,2,1,2,1
11:35:00,10,6,0,2,2,0,1,1,2,2,1,2,1
11:36:00,10,6,0,2,2,0,1,1,2,2,1,2,1
11:37:00,10,6,0,2,2,0,1,1,2,2,1,2,1
11:38:00,10,6,0,2,2,0,1,1,2,2,1,2,1
11:39:00,10,6,0,2,2,0,1,1,2,2,1,2,1
11:40:00,10,6,0,2,2,0,1,1,2,2,1,2,1
11:41:00,10,6,0,2,2,0,1,1,2,2,1,2,1
11:42:00,10,6,0,2,2,0,1,1,2,2,1,2,1
11:43:00,10,6,0,2,2,0,1,1,2,2,1,2,1
11:44:00,10,6,0,2,2,0,1,1,2,2,1,2,1
11:45:00,10,6,0,2,2,0,1,1,2,2,1,2,1
11:46:00,10,6,0,2,2,0,1,1,2,2,1,2,1
11:47:00,10,6,0,2,2,0,1,1,2,2,1,2,1
11:48:00,10,6,0,2,2,0,1,1,2,2,1,2,1
11:49:00,10,6,0,2,2,0,1,1,2,2,1,2,1
11:50:00,10,6,0,2,2,0,1,1,2,2,1,2,1
11:51:00,10,6,0,2,2,0,1,1,2,2,1,2,1
11:52:00,10,6,0,2,2,0,1,1,2,2,1,2,1
11:53:00,10,6,0,2,2,0,1,1,2,2,1,2,1
11:54:00,10,6,0,2,2,0,1,1,2,2,1,2,1
11:55:00,10,6,0,2,2,0,1,1,2,2,1,2,1
11:56:00,10,6,0,2,2,0,1,1,2,2,1,2,1
11:57:00,10,6,0,2,2,0,1,1,2,2,1,2,1
11:58:00,10,6,0,2,2,0,1,1,2,2,1,2,1
11:59:00,10,6,0,2,2,0,1,1,2,2,1,2,1
12:00:00,10,6,0,2,2,0,1,1,2,2,1,2,1
12:01:00,10,6,0,2,2,0,1,1,2,2,1,2,1
12:02:00,10,6,0,2,2,0,1,1,2,2,1,2,1
12:03:00,10,6,0,2,2,0,1,1,2,2,1,2,1
12:04:00,10,6,0,2,2,0,1,1,2,2,1,2,1
12:05:00,10,6,0,2,2,0,1,1,2,2,1,2,1
12:06:00,10,6,0,2,2,0,1,1,2,2,1,2,1
12:07:00,10,6,0,2,2,0,1,1,2,2,1,2,1
12:08:00,10,6,0,2,2,0,1,1,2,2,1,2,1
12:09:00,10,6,0,2,2,0,1,1,2,2,1,2,1
12:10:00,10,6,0,2,2,0,1,1,2,2,1,2,1
12:11:00,10,6,0,2,2,0,1,1,2,2,1,2,1
12:12:00,10,6,0,2,2,0,1,1,2,2,1,2,1
12:13:00,10,6,0,2,2,0,1,1,2,2,1,2,1
12:14:00,10,6,0,2,2,0,1,1,2,2,1,2,1
12:15:00,10,6,0,2,2,0,1,1,2,2,1,2,1
12:16:00,10,6,0,2,2,0,1,1,2,2,1,2,1
12:17:00,10,6,0,2,2,0,1,1,2,2,1,2,1
12:18:00,10,6,0,2,2,0,1,1,2,2,1,2,1
12:19:00,10,6,0,2,2,0,1,1,2,2,1,2,1
12:20:00,10,6,0,2,2,0,1,1,2,2,1,2,1
12:21:00,10,6,0,2,2,0,1,1,2,2,1,2,1
12:22:00,10,6,0,2,2,0,1,1,2,2,1,2,1
12:23:00,10,6,0,2,2,0,1,1,2,2,1,2,1
12:24:00,10,6,0,2,2,0,1,1,2,2,1,2,1
12:25:00,10,6,0,2,2,0,1,1,2,2,1,2,1
12:26:00,10,6,0,2,2,0,1,1,2,2,1,2,1
12:27:00,10,6,0,2,2,0,1,1,2,2,1,2,1
12:28:00,10,6,0,2,2,0,1,1,2,2,1,2,1
12:29:00,10,6,0,2,2,0,1,1,2,2,1,2,1
12:30:00,10,6,0,2,2,0,1,1,2,2,1,2,1
12:31:00,10,6,0,2,2,0,1,1,2,2,1,2,1
12:32:00,10,6,0,2,2,0,1,1,2,2,1,2,1
12:33:00,10,6,0,2,2,0,1,1,2,2,1,2,1
12:34:00,10,6,0,2,2,0,1,1,2,2,1,2,1
12:35:00,10,6,0,2,2,0,1,1,2,2,1,2,1
12:36:00,10,6,0,2,2,0,1,1,2,2,1,2,1
12:37:00,10,6,0,2,2,0,1,1,2,2,1,2,1
12:38:00,10,6,0,2,2,0,1,1,2,2,1,2,1
12:39:00,10,6,0,2,2,0,1,1,2,2,1,2,1
12:40:00,10,6,0,2,2,0,1,1,2,2,1,2,1
12:41:00,10,6,0,2,2,0,1,1,2,2,1,2,1
12:42:00,10,6,0,2,2,0,1,1,2,2,1,2,1
12:43:00,10,6,0,2,2,0,1,1,2,2,1,2,1
12:44:00,10,6,0,2,2,0,1,1,2,2,1,2,1
12:45:00,10,6,0,2,2,0,1,1,2,2,1,2,1
12:46:00,10,6,0,2,2,0,1,1,2,2,1,2,1
12:47:00,10,6,0,2,2,0,1,1,2,2,1,2,1
12:48:00,10,6,0,2,2,0,1,1,2,2,1,2,1
12:49:00,10,6,0,2,2,0,1,1,2,2,1,2,1
12:50:00,10,6,0,2,2,0,1,1,2,2,1,2,1
12:51:00,10,6,0,2,2,0,1,1,2,2,1,2,1
12:52:00,10,6,0,2,2,0,1,1,2,2,1,2,1
12:53:00,10,6,0,2,2,0,1,1,2,2,1,2,1
12:54:00,10,6,0,2,2,0,1,1,2,2,1,2,1
12:55:00,10,6,0,2,2,0,1,1,2,2,1,2,1
12:56:00,10,6,0,2,2,0,1,1,2,2,1,2,1
12:57:00,10,6,0,2,2,0,1,1,2,2,1,2,1
12:58:00,10,6,0,2,2,0,1,1,2,2,1,2,1
12:59:00,10,6,0,2,2,0,1,1,2,2,1,2,1
13:00:00,10,6,0,2,2,0,1,1,2,2,1,2,1
13:01:00,10,6,0,2,2,0,1,1,2,2,1,2,1
13:02:00,10,6,0,2,2,0,1,1,2,2,1,2,1
13:03:00,10,6,0,2,2,0,1,1,2,2,1,2,1
13:04:00,10,6,0,2,2,0,1,1,2,2,1,2,1
13:05:00,10,6,0,2,2,0,1,1,2,2,1,2,1
13:06:00,10,6,0,2,2,0,1,1,2,2,1,2,1
13:07:00,10,6,0,2,2,0,1,1,2,2,1,2,1
13:08:00,10,6,0,2,2,0,1,1,2,2,1,2,1
13:09:00,10,6,0,2,2,0,1,1,2,2,1,2,1
13:10:00,10,6,0,2,2,0,1,1,2,2,1,2,1
13:11:00,10,6,0,2,2,0,1,1,2,2,1,2,1
13:12:00,10,6,0,2,2,0,1,1,2,2,1,2,1
13:13:00,10,6,0,2,2,0,1,1,2,2,1,2,1
13:14:00,10,6,0,2,2,0,1,1,2,2,1,2,1
13:15:00,10,6,0,2,2,0,1,1,2,2,1,2,1
13:16:00,10,6,0,2,2,0,1,1,2,2,1,2,1
13:17:00,10,6,0,2,2,0,1,1,2,2,1,2,1
13:18:00,10,6,0,2,2,0,1,1,2,2,1,2,1
13:19:00,10,6,0,2,2,0,1,1,2,2,1,2,1
13:20:00,10,6,0,2,2,0,1,1,2,2,1,2,1
13:21:00,10,6,0,2,2,0,1,1,2,2,1,2,1
13:22:00,10,6,0,2,2,0,1,1,2,2,1,2,1
13:23:00,10,6,0,2,2,0,1,1,2,2,1,2,1
13:24:00,10,6,0,2,2,0,1,1,2,2,1,2,1
13:25:00,10,6,0,2,2,0,1,1,2,2,1,2,1
13:26:00,10,6,0,2,2,0,1,1,2,2,1,2,1
13:27:00,10,6,0,2,2,0,1,1,2,2,1,2,1
13:28:00,10,6,0,2,2,0,1,1,2,2,1,2,1
13:29:00,10,6,0,2,2,0,1,1,2,2,1,2,1
13:30:00,10,6,0,2,2,0,1,1,2,2,1,2,1
13:31:00,10,6,0,2,2,0,1,1,2,2,1,2,1
13:32:00,10,6,0,2,2,0,1,1,2,2,1,2,1
13:33:00,10,6,0,2,2,0,1,1,2,2,1,2,1
13:34:00,10,6,0,2,2,0,1,1,2,2,1,2,1
13:35:00,10,6,0,2,2,0,1,1,2,2,1,2,1
13:36:00,10,6,0,2,2,0,1,1,2,2,1,2,1
13:37:00,10,6,0,2,2,0,1,1,2,2,1,2,1
13:38:00,10,6,0,2,2,0,1,1,2,2,1,2,1
13:39:00,10,6,0,2,2,0,1,1,2,2,1,2,1
13:40:00,10,6,0,2,2,0,1,1,2,2,1,2,1
13:41:00,10,6,0,2,2,0,1,1,2,2,1,2,1
13:42:00,10,6,0,2,2,0,1,1,2,2,1,2,1
13:43:00,10,6,0,2,2,0,1,1,2,2,1,2,1
13:44:00,10,6,0,2,2,0,1,1,2,2,1,2,1
13:45:00,10,6,0,2,2,0,1,1,2,2,1,2,1
13:46:00,10,6,0,2,2,0,1,1,2,2,1,2,1
13:47:00,10,6,0,2,2,0,1,1,2,2,1,2,1
13:48:00,10,6,0,2,2,0,1,1,2,2,1,2,1
13:49:00,10,6,0,2,2,0,1,1,2,2,1,2,1
13:50:00,10,6,0,2,2,0,1,1,2,2,1,2,1
13:51:00,10,6,0,2,2,0,1,1,2,2,1,2,1
13:52:00,10,6,0,2,2,0,1,1,2,2,1,2,1
13:53:00,10,6,0,2,2,0,1,1,2,2,1,2,1
13:54:00,10,6,0,2,2,0,1,1,2,2,1,2,1
13:55:00,10,6,0,2,2,0,1,1,2,2,1,2,1
13:56:00,10,6,0,2,2,0,1,1,2,2,1,2,1
13:57:00,10,6,0,2,2,0,1,1,2,2,1,2,1
13:58:00,10,6,0,2,2,0,1,1,2,2,1,2,1
13:59:00,10,6,0,2,2,0,1,1,2,2,1,2,1
14:00:00,10,6,0,2,2,0,1,1,2,2,1,2,1
14:01:00,10,6,0,2,2,0,1,1,2,2,1,2,1
14:02:00,10,6,0,2,2,0,1,1,2,2,1,2,1
14:03:00,10,6,0,2,2,0,1,1,2,2,1,2,1
14:04:00,10,6,0,2,2,0,1,1,2,2,1,2,1
14:05:00,10,6,0,2,2,0,1,1,2,2,1,2,1
14:06:00,10,6,0,2,2,0,1,1,2,2,1,2,1
14:07:00,10,6,0,2,2,0,1,1,2,2,1,2,1
14:08:00,10,6,0,2,2,0,1,1,2,2,1,2,1
14:09:00,10,6,0,2,2,0,1,1,2,2,1,2,1
14:10:00,10,6,0,2,2,0,1,1,2,2,1,2,1
14:11:00,10,6,0,2,2,0,1,1,2,2,1,2,1
14:12:00,10,6,0,2,2,0,1,1,2,2,1,2,1
14:13:00,10,6,0,2,2,0,1,1,2,2,1,2,1
14:14:00,10,6,0,2,2,0,1,1,2,2,1,2,1
14:15:00,10,6,0,2,2,0,1,1,2,2,1,2,1
14:16:00,10,6,0,2,2,0,1,1,2,2,1,2,1
14:17:00,10,6,0,2,2,0,1,1,2,2,1,2,1
14:18:00,10,6,0,2,2,0,1,1,2,2,1,2,1
14:19:00,10,6,0,2,2,0,1,1,2,2,1,2,1
14:20:00,10,6,0,2,2,0,1,1,2,2,1,2,1
14:21:00,10,6,0,2,2,0,1,1,2,2,1,2,1
14:22:00,10,6,0,2,2,0,1,1,2,2,1,2,1
14:23:00,10,6,0,2,2,0,1,1,2,2,1,2,1
14:24:00,10,6,0,2,2,0,1,1,2,2,1,2,1
14:25:00,10,6,0,2,2,0,1,1,2,2,1,2,1
14:26:00,10,6,0,2,2,0,1,1,2,2,1,2,1
14:27:00,10,6,0,2,2,0,1,1,2,2,1,2,1
14:28:00,10,6,0,2,2,0,1,1,2,2,1,2,1
14:29:00,10,6,0,2,2,0,1,1,2,2,1,2,1
14:30:00,10,6,0,2,2,0,1,1,2,2,1,2,1
14:31:00,10,6,0,2,2,0,1,1,2,2,1,2,1
14:32:00,10,6,0,2,2,0,1,1,2,2,1,2,1
14:33:00,10,6,0,2,2,0,1,1,2,2,1,2,1
14:34:00,10,6,0,2,2,0,1,1,2,2,1,2,1
14:35:00,10,6,0,2,2,0,1,1,2,2,1,2,1
14:36:00,10,6,0,2,2,0,1,1,2,2,1,2,1
14:37:00,10,6,0,2,2,0,1,1,2,2,1,2,1
14:38:00,10,6,0,2,2,0,1,1,2,2,1,2,1
14:39:00,10,6,0,2,2,0,1,1,2,2,1,2,1
14:40:00,10,6,0,2,2,0,1,1,2,2,1,2,1
14:41:00,10,6,0,2,2,0,1,1,2,2,1,2,1
14:42:00,10,6,0,2,2,0,1,1,2,2,1,2,1
14:43:00,10,6,0,2,2,0,1,1,2,2,1,2,1
14:44:00,10,6,0,2,2,0,1,1,2,2,1,2,1
14:45:00,10,6,0,2,2,0,1,1,2,2,1,2,1
14:46:00,10,6,0,2,2,0,1,1,2,2,1,2,1
14:47:00,10,6,0,2,2,0,1,1,2,2,1,2,1
14:48:00,10,6,0,2,2,0,1,1,2,2,1,2,1
14:49:00,10,6,0,2,2,0,1,1,2,2,1,2,1
14:50:00,10,6,0,2,2,0,1,1,2,2,1,2,1
14:51:00,10,6,0,2,2,0,1,1,2,2,1,2,1
14:52:00,10,6,0,2,2,0,1,1,2,2,1,2,1
14:53:00,10,6,0,2,2,0,1,1,2,2,1,2,1
14:54:00,10,6,0,2,2,0,1,1,2,2,1,2,1
14:55:00,10,6,0,2,2,0,1,1,2,2,1,2,1
14:56:00,10,6,0,2,2,0,1,1,2,2,1,2,1
14:57:00,10,6,0,2,2,0,1,1,2,2,1,2,1
14:58:00,10,6,0,2,2,0,1,1,2,2,1,2,1
14:59:00,10,6,0,2,2,0,1,1,2,2,1,2,1
15:00:00,10,6,0,2,2,0,1,1,2,2,1,2,1
15:01:00,9,5,0,2,2,0,1,1,2,1,1,2,1
15:02:00,9,5,0,2,2,0,1,1,2,1,1,2,1
15:03:00,9,5,0,2,2,0,1,1,2,1,1,2,1
15:04:00,9,5,0,2,2,0,1,1,2,1,1,2,1
15:05:00,9,5,0,2,2,0,1,1,2,1,1,2,1
15:06:00,9,5,0,2,2,0,1,1,2,1,1,2,1
15:07:00,9,5,0,2,2,0,1,1,2,1,1,2,1
15:08:00,9,5,0,2,2,0,1,1,2,1,1,2,1
15:09:00,9,5,0,2,2,0,1,1,2,1,1,2,1
15:10:00,9,5,0,2,2,0,1,1,2,1,1,2,1
15:11:00,9,5,0,2,2,0,1,1,2,1,1,2,1
15:12:00,9,5,0,2,2,0,1,1,2,1,1,2,1
15:13:00,9,5,0,2,2,0,1,1,2,1,1,2,1
15:14:00,9,5,0,2,2,0,1,1,2,1,1,2,1
15:15:00,9,5,0,2,2,0,1,1,2,1,1,2,1
15:16:00,9,5,0,2,2,0,1,1,2,1,1,2,1
15:17:00,9,5,0,2,2,0,1,1,2,1,1,2,1
15:18:00,9,5,0,2,2,0,1,1,2,1,1,2,1
15:19:00,9,5,0,2,2,0,1,1,2,1,1,2,1
15:20:00,9,5,0,2,2,0,1,1,2,1,1,2,1
15:21:00,9,5,0,2,2,0,1,1,2,1,1,2,1
15:22:00,9,5,0,2,2,0,1,1,2,1,1,2,1
15:23:00,9,5,0,2,2,0,1,1,2,1,1,2,1
15:24:00,9,5,0,2,2,0,1,1,2,1,1,2,1
15:25:00,9,5,0,2,2,0,1,1,2,1,1,2,1
15:26:00,9,5,0,2,2,0,1,1,2,1,1,2,1
15:27:00,9,5,0,2,2,0,1,1,2,1,1,2,1
15:28:00,9,5,0,2,2,0,1,1,2,1,1,2,1
15:29:00,9,5,0,2,2,0,1,1,2,1,1,2,1
15:30:00,9,5,0,2,2,0,1,1,2,1,1,2,1
15:31:00,9,5,0,2,2,0,1,1,2,1,1,2,1
15:32:00,9,5,0,2,2,0,1,1,2,1,1,2,1
15:33:00,9,5,0,2,2,0,1,1,2,1,1,2,1
15:34:00,9,5,0,2,2,0,1,1,2,1,1,2,1
15:35:00,9,5,0,2,2,0,1,1,2,1,1,2,1
15:36:00,9,5,0,2,2,0,1,1,2,1,1,2,1
15:37:00,9,5,0,2,2,0,1,1,2,1,1,2,1
15:38:00,9,5,0,2,2,0,1,1,2,1,1,2,1
15:39:00,9,5,0,2,2,0,1,1,2,1,1,2,1
15:40:00,9,5,0,2,2,0,1,1,2,1,1,2,1
15:41:00,9,5,0,2,2,0,1,1,2,1,1,2,1
15:42:00,9,5,0,2,2,0,1,1,2,1,1,2,1
15:43:00,9,5,0,2,2,0,1,1,2,1,1,2,1
15:44:00,9,5,0,2,2,0,1,1,2,1,1,2,1
15:45:00,9,5,0,2,2,0,1,1,2,1,1,2,1
15:46:00,9,5,0,2,2,0,1,1,2,1,1,2,1
15:47:00,9,5,0,2,2,0,1,1,2,1,1,2,1
15:48:00,9,5,0,2,2,0,1,1,2,1,1,2,1
15:49:00,9,5,0,2,2,0,1,1,2,1,1,2,1
15:50:00,9,5,0,2,2,0,1,1,2,1,1,2,1
15:51:00,9,5,0,2,2,0,1,1,2,1,1,2,1
15:52:00,9,5,0,2,2,0,1,1,2,1,1,2,1
15:53:00,9,5,0,2,2,0,1,1,2,1,1,2,1
15:54:00,9,5,0,2,2,0,1,1,2,1,1,2,1
15:55:00,9,5,0,2,2,0,1,1,2,1,1,2,1
15:56:00,9,5,0,2,2,0,1,1,2,1,1,2,1
15:57:00,9,5,0,2,2,0,1,1,2,1,1,2,1
15:58:00,9,5,0,2,2,0,1,1,2,1,1,2,1
15:59:00,9,5,0,2,2,0,1,1,2,1,1,2,1
16:00:00,11,6,0,2,3,0,1,2,2,1,2,2,1
16:01:00,7,4,0,2,1,0,0,1,1,1,2,1,1
16:02:00,7,4,0,2,1,0,0,1,1,1,2,1,1
16:03:00,7,4,0,2,1,0,0,1,1,1,2,1,1
16:04:00,7,4,0,2,1,0,0,1,1,1,2,1,1
16:05:00,7,4,0,2,1,0,0,1,1,1,2,1,1
16:06:00,7,4,0,2,1,0,0,1,1,1,2,1,1
16:07:00,7,4,0,2,1,0,0,1,1,1,2,1,1
16:08:00,7,4,0,2,1,0,0,1,1,1,2,1,1
16:09:00,7,4,0,2,1,0,0,1,1,1,2,1,1
16:10:00,7,4,0,2,1,0,0,1,1,1,2,1,1
16:11:00,7,4,0,2,1,0,0,1,1,1,2,1,1
16:12:00,7,4,0,2,1,0,0,1,1,1,2,1,1
16:13:00,7,4,0,2,1,0,0,1,1,1,2,1,1
16:14:00,7,4,0,2,1,0,0,1,1,1,2,1,1
16:15:00,7,4,0,2,1,0,0,1,1,1,2,1,1
16:16:00,6,3,0,2,1,0,0,1,1,0,2,1,1
16:17:00,6,3,0,2,1,0,0,1,1,0,2,1,1
16:18:00,6,3,0,2,1,0,0,1,1,0,2,1,1
16:19:00,6,3,0,2,1,0,0,1,1,0,2,1,1
16:20:00,6,3,0,2,1,0,0,1,1,0,2,1,1
16:21:00,6,3,0,2,1,0,0,1,1,0,2,1,1
16:22:00,6,3,0,2,1,0,0,1,1,0,2,1,1
16:23:00,6,3,0,2,1,0,0,1,1,0,2,1,1
16:24:00,6,3,0,2,1,0,0,1,1,0,2,1,1
16:25:00,6,3,0,2,1,0,0,1,1,0,2,1,1
16:26:00,6,3,0,2,1,0,0,1,1,0,2,1,1
16:27:00,6,3,0,2,1,0,0,1,1,0,2,1,1
16:28:00,6,3,0,2,1,0,0,1,1,0,2,1,1
16:29:00,6,3,0,2,1,0,0,1,1,0,2,1,1
16:30:00,6,3,0,2,1,0,0,1,1,0,2,1,1
16:31:00,6,3,0,2,1,0,0,1,1,0,2,1,1
16:32:00,6,3,0,2,1,0,0,1,1,0,2,1,1
16:33:00,6,3,0,2,1,0,0,1,1,0,2,1,1
16:34:00,6,3,0,2,1,0,0,1,1,0,2,1,1
16:35:00,6,3,0,2,1,0,0,1,1,0,2,1,1
16:36:00,6,3,0,2,1,0,0,1,1,0,2,1,1
16:37:00,6,3,0,2,1,0,0,1,1,0,2,1,1
16:38:00,6,3,0,2,1,0,0,1,1,0,2,1,1
16:39:00,6,3,0,2,1,0,0,1,1,0,2,1,1
16:40:00,6,3,0,2,1,0,0,1,1,0,2,1,1
16:41:00,6,3,0,2,1,0,0,1,1,0,2,1,1
16:42:00,6,3,0,2,1,0,0,1,1,0,2,1,1
16:43:00,6,3,0,2,1,0,0,1,1,0,2,1,1
16:44:00,6,3,0,2,1,0,0,1,1,0,2,1,1
16:45:00,6,3,0,2,1,0,0,1,1,0,2,1,1
16:46:00,6,3,0,2,1,0,0,1,1,0,2,1,1
16:47:00,6,3,0,2,1,0,0,1,1,0,2,1,1
16:48:00,6,3,0,2,1,0,0,1,1,0,2,1,1
16:49:00,6,3,0,2,1,0,0,1,1,0,2,1,1
16:50:00,6,3,0,2,1,0,0,1,1,0,2,1,1
16:51:00,6,3,0,2,1,0,0,1,1,0,2,1,1
16:52:00,6,3,0,2,1,0,0,1,1,0,2,1,1
16:53:00,6,3,0,2,1,0,0,1,1,0,2,1,1
16:54:00,6,3,0,2,1,0,0,1,1,0,2,1,1
16:55:00,6,3,0,2,1,0,0,1,1,0,2,1,1
16:56:00,6,3,0,2,1,0,0,1,1,0,2,1,1
16:57:00,6,3,0,2,1,0,0,1,1,0,2,1,1
16:58:00,6,3,0,2,1,0,0,1,1,0,2,1,1
16:59:00,6,3,0,2,1,0,0,1,1,0,2,1,1
17:00:00,6,3,0,2,1,0,0,1,1,0,2,1,1
17:01:00,2,1,0,0,1,0,0,1,0,0,1,0,0
17:02:00,2,1,0,0,1,0,0,1,0,0,1,0,0
17:03:00,2,1,0,0,1,0,0,1,0,0,1,0,0
17:04:00,2,1,0,0,1,0,0,1,0,0,1,0,0
17:05:00,2,1,0,0,1,0,0,1,0,0,1,0,0
17:06:00,2,1,0,0,1,0,0,1,0,0,1,0,0
17:07:00,2,1,0,0,1,0,0,1,0,0,1,0,0
17:08:00,2,1,0,0,1,0,0,1,0,0,1,0,0
17:09:00,2,1,0,0,1,0,0,1,0,0,1,0,0
17:10:00,2,1,0,0,1,0,0,1,0,0,1,0,0
17:11:00,2,1,0,0,1,0,0,1,0,0,1,0,0
17:12:00,2,1,0,0,1,0,0,1,0,0,1,0,0
17:13:00,2,1,0,0,1,0,0,1,0,0,1,0,0
17:14:00,2,1,0,0,1,0,0,1,0,0,1,0,0
17:15:00,2,1,0,0,1,0,0,1,0,0,1,0,0
17:16:00,2,1,0,0,1,0,0,1,0,0,1,0,0
17:17:00,2,1,0,0,1,0,0,1,0,0,1,0,0
17:18:00,2,1,0,0,1,0,0,1,0,0,1,0,0
17:19:00,2,1,0,0,1,0,0,1,0,0,1,0,0
17:20:00,2,1,0,0,1,0,0,1,0,0,1,0,0
17:21:00,2,1,0,0,1,0,0,1,0,0,1,0,0
17:22:00,2,1,0,0,1,0,0,1,0,0,1,0,0
17:23:00,2,1,0,0,1,0,0,1,0,0,1,0,0
17:24:00,2,1,0,0,1,0,0,1,0,0,1,0,0
17:25:00,2,1,0,0,1,0,0,1,0,0,1,0,0
17:26:00,2,1,0,0,1,0,0,1,0,0,1,0,0
17:27:00,2,1,0,0,1,0,0,1,0,0,1,0,0
17:28:00,2,1,0,0,1,0,0,1,0,0,1,0,0
17:29:00,2,1,0,0,1,0,0,1,0,0,1,0,0
17:30:00,2,1,0,0,1,0,0,1,0,0,1,0,0
17:31:00,2,1,0,0,1,0,0,1,0,0,1,0,0
17:32:00,2,1,0,0,1,0,0,1,0,0,1,0,0
17:33:00,2,1,0,0,1,0,0,1,0,0,1,0,0
17:34:00,2,1,0,0,1,0,0,1,0,0,1,0,0
17:35:00,2,1,0,0,1,0,0,1,0,0,1,0,0
17:36:00,2,1,0,0,1,0,0,1,0,0,1,0,0
17:37:00,2,1,0,0,1,0,0,1,0,0,1,0,0
17:38:00,2,1,0,0,1,0,0,1,0,0,1,0,0
17:39:00,2,1,0,0,1,0,0,1,0,0,1,0,0
17:40:00,2,1,0,0,1,0,0,1,0,0,1,0,0
17:41:00,2,1,0,0,1,0,0,1,0,0,1,0,0
17:42:00,2,1,0,0,1,0,0,1,0,0,1,0,0
17:43:00,2,1,0,0,1,0,0,1,0,0,1,0,0
17:44:00,2,1,0,0,1,0,0,1,0,0,1,0,0
17:45:00,2,1,0,0,1,0,0,1,0,0,1,0,0
17:46:00,2,1,0,0,1,0,0,1,0,0,1,0,0
17:47:00,2,1,0,0,1,0,0,1,0,0,1,0,0
17:48:00,2,1,0,0,1,0,0,1,0,0,1,0,0
17:49:00,2,1,0,0,1,0,0,1,0,0,1,0,0
17:50:00,2,1,0,0,1,0,0,1,0,0,1,0,0
17:51:00,2,1,0,0,1,0,0,1,0,0,1,0,0
17:52:00,2,1,0,0,1,0,0,1,0,0,1,0,0
17:53:00,2,1,0,0,1,0,0,1,0,0,1,0,0
17:54:00,2,1,0,0,1,0,0,1,0,0,1,0,0
17:55:00,2,1,0,0,1,0,0,1,0,0,1,0,0
17:56:00,2,1,0,0,1,0,0,1,0,0,1,0,0
17:57:00,2,1,0,0,1,0,0,1,0,0,1,0,0
17:58:00,2,1,0,0,1,0,0,1,0,0,1,0,0
17:59:00,2,1,0,0,1,0,0,1,0,0,1,0,0
18:00:00,2,1,0,0,1,0,0,1,0,0,1,0,0
18:01:00,2,1,0,0,1,0,0,1,0,0,1,0,0
18:02:00,2,1,0,0,1,0,0,1,0,0,1,0,0
18:03:00,2,1,0,0,1,0,0,1,0,0,1,0,0
18:04:00,2,1,0,0,1,0,0,1,0,0,1,0,0
18:05:00,2,1,0,0,1,0,0,1,0,0,1,0,0
18:06:00,2,1,0,0,1,0,0,1,0,0,1,0,0
18:07:00,2,1,0,0,1,0,0,1,0,0,1,0,0
18:08:00,2,1,0,0,1,0,0,1,0,0,1,0,0
18:09:00,2,1,0,0,1,0,0,1,0,0,1,0,0
18:10:00,2,1,0,0,1,0,0,1,0,0,1,0,0
18:11:00,2,1,0,0,1,0,0,1,0,0,1,0,0
18:12:00,2,1,0,0,1,0,0,1,0,0,1,0,0
18:13:00,2,1,0,0,1,0,0,1,0,0,1,0,0
18:14:00,2,1,0,0,1,0,0,1,0,0,1,0,0
18:15:00,3,1,0,0,2,0,1,1,0,0,1,0,0
18:16:00,3,1,0,0,2,0,1,1,0,0,1,0,0
18:17:00,3,1,0,0,2,0,1,1,0,0,1,0,0
18:18:00,3,1,0,0,2,0,1,1,0,0,1,0,0
18:19:00,3,1,0,0,2,0,1,1,0,0,1,0,0
18:20:00,3,1,0,0,2,0,1,1,0,0,1,0,0
18:21:00,3,1,0,0,2,0,1,1,0,0,1,0,0
18:22:00,3,1,0,0,2,0,1,1,0,0,1,0,0
18:23:00,3,1,0,0,2,0,1,1,0,0,1,0,0
18:24:00,3,1,0,0,2,0,1,1,0,0,1,0,0
18:25:00,3,1,0,0,2,0,1,1,0,0,1,0,0
18:26:00,3,1,0,0,2,0,1,1,0,0,1,0,0
18:27:00,3,1,0,0,2,0,1,1,0,0,1,0,0
18:28:00,3,1,0,0,2,0,1,1,0,0,1,0,0
18:29:00,3,1,0,0,2,0,1,1,0,0,1,0,0
18:30:00,3,1,0,0,2,0,1,1,0,0,1,0,0
18:31:00,3,1,0,0,2,0,1,1,0,0,1,0,0
18:32:00,3,1,0,0,2,0,1,1,0,0,1,0,0
18:33:00,3,1,0,0,2,0,1,1,0,0,1,0,0
18:34:00,3,1,0,0,2,0,1,1,0,0,1,0,0
18:35:00,3,1,0,0,2,0,1,1,0,0,1,0,0
18:36:00,3,1,0,0,2,0,1,1,0,0,1,0,0
18:37:00,3,1,0,0,2,0,1,1,0,0,1,0,0
18:38:00,3,1,0,0,2,0,1,1,0,0,1,0,0
18:39:00,3,1,0,0,2,0,1,1,0,0,1,0,0
18:40:00,3,1,0,0,2,0,1,1,0,0,1,0,0
18:41:00,3,1,0,0,2,0,1,1,0,0,1,0,0
18:42:00,3,1,0,0,2,0,1,1,0,0,1,0,0
18:43:00,3,1,0,0,2,0,1,1,0,0,1,0,0
18:44:00,3,1,0,0,2,0,1,1,0,0,1,0,0
18:45:00,3,1,0,0,2,0,1,1,0,0,1,0,0
18:46:00,3,1,0,0,2,0,1,1,0,0,1,0,0
18:47:00,3,1,0,0,2,0,1,1,0,0,1,0,0
18:48:00,3,1,0,0,2,0,1,1,0,0,1,0,0
18:49:00,3,1,0,0,2,0,1,1,0,0,1,0,0
18:50:00,3,1,0,0,2,0,1,1,0,0,1,0,0
18:51:00,3,1,0,0,2,0,1,1,0,0,1,0,0
18:52:00,3,1,0,0,2,0,1,1,0,0,1,0,0
18:53:00,3,1,0,0,2,0,1,1,0,0,1,0,0
18:54:00,3,1,0,0,2,0,1,1,0,0,1,0,0
18:55:00,3,1,0,0,2,0,1,1,0,0,1,0,0
18:56:00,3,1,0,0,2,0,1,1,0,0,1,0,0
18:57:00,3,1,0,0,2,0,1,1,0,0,1,0,0
18:58:00,3,1,0,0,2,0,1,1,0,0,1,0,0
18:59:00,3,1,0,0,2,0,1,1,0,0,1,0,0
19:00:00,3,1,0,0,2,0,1,1,0,0,1,0,0
19:01:00,3,1,0,0,2,0,1,1,0,0,1,0,0
19:02:00,3,1,0,0,2,0,1,1,0,0,1,0,0
19:03:00,3,1,0,0,2,0,1,1,0,0,1,0,0
19:04:00,3,1,0,0,2,0,1,1,0,0,1,0,0
19:05:00,3,1,0,0,2,0,1,1,0,0,1,0,0
19:06:00,3,1,0,0,2,0,1,1,0,0,1,0,0
19:07:00,3,1,0,0,2,0,1,1,0,0,1,0,0
19:08:00,3,1,0,0,2,0,1,1,0,0,1,0,0
19:09:00,3,1,0,0,2,0,1,1,0,0,1,0,0
19:10:00,3,1,0,0,2,0,1,1,0,0,1,0,0
19:11:00,3,1,0,0,2,0,1,1,0,0,1,0,0
19:12:00,3,1,0,0,2,0,1,1,0,0,1,0,0
19:13:00,3,1,0,0,2,0,1,1,0,0,1,0,0
19:14:00,3,1,0,0,2,0,1,1,0,0,1,0,0
19:15:00,3,1,0,0,2,0,1,1,0,0,1,0,0
19:16:00,3,1,0,0,2,0,1,1,0,0,1,0,0
19:17:00,3,1,0,0,2,0,1,1,0,0,1,0,0
19:18:00,3,1,0,0,2,0,1,1,0,0,1,0,0
19:19:00,3,1,0,0,2,0,1,1,0,0,1,0,0
19:20:00,3,1,0,0,2,0,1,1,0,0,1,0,0
19:21:00,3,1,0,0,2,0,1,1,0,0,1,0,0
19:22:00,3,1,0,0,2,0,1,1,0,0,1,0,0
19:23:00,3,1,0,0,2,0,1,1,0,0,1,0,0
19:24:00,3,1,0,0,2,0,1,1,0,0,1,0,0
19:25:00,3,1,0,0,2,0,1,1,0,0,1,0,0
19:26:00,3,1,0,0,2,0,1,1,0,0,1,0,0
19:27:00,3,1,0,0,2,0,1,1,0,0,1,0,0
19:28:00,3,1,0,0,2,0,1,1,0,0,1,0,0
19:29:00,3,1,0,0,2,0,1,1,0,0,1,0,0
19:30:00,3,1,0,0,2,0,1,1,0,0,1,0,0
19:31:00,3,1,0,0,2,0,1,1,0,0,1,0,0
19:32:00,3,1,0,0,2,0,1,1,0,0,1,0,0
19:33:00,3,1,0,0,2,0,1,1,0,0,1,0,0
19:34:00,3,1,0,0,2,0,1,1,0,0,1,0,0
19:35:00,3,1,0,0,2,0,1,1,0,0,1,0,0
19:36:00,3,1,0,0,2,0,1,1,0,0,1,0,0
19:37:00,3,1,0,0,2,0,1,1,0,0,1,0,0
19:38:00,3,1,0,0,2,0,1,1,0,0,1,0,0
19:39:00,3,1,0,0,2,0,1,1,0,0,1,0,0
19:40:00,3,1,0,0,2,0,1,1,0,0,1,0,0
19:41:00,3,1,0,0,2,0,1,1,0,0,1,0,0
19:42:00,3,1,0,0,2,0,1,1,0,0,1,0,0
19:43:00,3,1,0,0,2,0,1,1,0,0,1,0,0
19:44:00,3,1,0,0,2,0,1,1,0,0,1,0,0
19:45:00,3,1,0,0,2,0,1,1,0,0,1,0,0
19:46:00,3,1,0,0,2,0,1,1,0,0,1,0,0
19:47:00,3,1,0,0,2,0,1,1,0,0,1,0,0
19:48:00,3,1,0,0,2,0,1,1,0,0,1,0,0
19:49:00,3,1,0,0,2,0,1,1,0,0,1,0,0
19:50:00,3,1,0,0,2,0,1,1,0,0,1,0,0
19:51:00,3,1,0,0,2,0,1,1,0,0,1,0,0
19:52:00,3,1,0,0,2,0,1,1,0,0,1,0,0
19:53:00,3,1,0,0,2,0,1,1,0,0,1,0,0
19:54:00,3,1,0,0,2,0,1,1,0,0,1,0,0
19:55:00,3,1,0,0,2,0,1,1,0,0,1,0,0
19:56:00,3,1,0,0,2,0,1,1,0,0,1,0,0
19:57:00,3,1,0,0,2,0,1,1,0,0,1,0,0
19:58:00,3,1,0,0,2,0,1,1,0,0,1,0,0
19:59:00,3,1,0,0,2,0,1,1,0,0,1,0,0
20:00:00,3,1,0,0,2,0,1,1,0,0,1,0,0
20:01:00,2,1,0,0,1,0,1,1,0,0,0,0,0
20:02:00,2,1,0,0,1,0,1,1,0,0,0,0,0
20:03:00,2,1,0,0,1,0,1,1,0,0,0,0,0
20:04:00,2,1,0,0,1,0,1,1,0,0,0,0,0
20:05:00,2,1,0,0,1,0,1,1,0,0,0,0,0
20:06:00,2,1,0,0,1,0,1,1,0,0,0,0,0
20:07:00,2,1,0,0,1,0,1,1,0,0,0,0,0
20:08:00,2,1,0,0,1,0,1,1,0,0,0,0,0
20:09:00,2,1,0,0,1,0,1,1,0,0,0,0,0
20:10:00,2,1,0,0,1,0,1,1,0,0,0,0,0
20:11:00,2,1,0,0,1,0,1,1,0,0,0,0,0
20:12:00,2,1,0,0,1,0,1,1,0,0,0,0,0
20:13:00,2,1,0,0,1,0,1,1,0,0,0,0,0
20:14:00,2,1,0,0,1,0,1,1,0,0,0,0,0
20:15:00,2,1,0,0,1,0,1,1,0,0,0,0,0
20:16:00,2,1,0,0,1,0,1,1,0,0,0,0,0
20:17:00,2,1,0,0,1,0,1,1,0,0,0,0,0
20:18:00,2,1,0,0,1,0,1,1,0,0,0,0,0
20:19:00,2,1,0,0,1,0,1,1,0,0,0,0,0
20:20:00,2,1,0,0,1,0,1,1,0,0,0,0,0
20:21:00,2,1,0,0,1,0,1,1,0,0,0,0,0
20:22:00,2,1,0,0,1,0,1,1,0,0,0,0,0
20:23:00,2,1,0,0,1,0,1,1,0,0,0,0,0
20:24:00,2,1,0,0,1,0,1,1,0,0,0,0,0
20:25:00,2,1,0,0,1,0,1,1,0,0,0,0,0
20:26:00,2,1,0,0,1,0,1,1,0,0,0,0,0
20:27:00,2,1,0,0,1,0,1,1,0,0,0,0,0
20:28:00,2,1,0,0,1,0,1,1,0,0,0,0,0
20:29:00,2,1,0,0,1,0,1,1,0,0,0,0,0
20:30:00,2,1,0,0,1,0,1,1,0,0,0,0,0
20:31:00,2,1,0,0,1,0,1,1,0,0,0,0,0
20:32:00,2,1,0,0,1,0,1,1,0,0,0,0,0
20:33:00,2,1,0,0,1,0,1,1,0,0,0,0,0
20:34:00,2,1,0,0,1,0,1,1,0,0,0,0,0
20:35:00,2,1,0,0,1,0,1,1,0,0,0,0,0
20:36:00,2,1,0,0,1,0,1,1,0,0,0,0,0
20:37:00,2,1,0,0,1,0,1,1,0,0,0,0,0
20:38:00,2,1,0,0,1,0,1,1,0,0,0,0,0
20:39:00,2,1,0,0,1,0,1,1,0,0,0,0,0
20:40:00,2,1,0,0,1,0,1,1,0,0,0,0,0
20:41:00,2,1,0,0,1,0,1,1,0,0,0,0,0
20:42:00,2,1,0,0,1,0,1,1,0,0,0,0,0
20:43:00,2,1,0,0,1,0,1,1,0,0,0,0,0
20:44:00,2,1,0,0,1,0,1,1,0,0,0,0,0
20:45:00,2,1,0,0,1,0,1,1,0,0,0,0,0
20:46:00,2,1,0,0,1,0,1,1,0,0,0,0,0
20:47:00,2,1,0,0,1,0,1,1,0,0,0,0,0
20:48:00,2,1,0,0,1,0,1,1,0,0,0,0,0
20:49:00,2,1,0,0,1,0,1,1,0,0,0,0,0
20:50:00,2,1,0,0,1,0,1,1,0,0,0,0,0
20:51:00,2,1,0,0,1,0,1,1,0,0,0,0,0
20:52:00,2,1,0,0,1,0,1,1,0,0,0,0,0
20:53:00,2,1,0,0,1,0,1,1,0,0,0,0,0
20:54:00,2,1,0,0,1,0,1,1,0,0,0,0,0
20:55:00,2,1,0,0,1,0,1,1,0,0,0,0,0
20:56:00,2,1,0,0,1,0,1,1,0,0,0,0,0
20:57:00,2,1,0,0,1,0,1,1,0,0,0,0,0
20:58:00,2,1,0,0,1,0,1,1,0,0,0,0,0
20:59:00,2,1,0,0,1,0,1,1,0,0,0,0,0
21:00:00,2,1,0,0,1,0,1,1,0,0,0,0,0
